## 1

Установить MySQL на VM

```
$ sudo apt update

$ sudo apt install mysql-server

$ sudo systemctl start mysql.service

$ sudo mysql

mysql> ALTER USER 'root'@'localhost' IDENTIFIED WITH mysql_native_password BY 'mysql';
Query OK, 0 rows affected (0.02 sec)

mysql> exit
Bye

$ mysql -u root -p
mysql> ALTER USER 'root'@'localhost' IDENTIFIED WITH auth_socket;
Query OK, 0 rows affected (0.01 sec)

$ sudo mysql_secure_installation
..............
Would you like to setup VALIDATE PASSWORD component?

Press y|Y for Yes, any other key for No: y

There are three levels of password validation policy:
..............
Please enter 0 = LOW, 1 = MEDIUM and 2 = STRONG: 0

Skipping password set for root as authentication with auth_socket is used by default.
..............
Remove anonymous users? (Press y|Y for Yes, any other key for No) : n

 ... skipping.
..............
Disallow root login remotely? (Press y|Y for Yes, any other key for No) : n

 ... skipping.
..............
Remove test database and access to it? (Press y|Y for Yes, any other key for No) : n

 ... skipping.
Reloading the privilege tables will ensure that all changes
made so far will take effect immediately.

Reload privilege tables now? (Press y|Y for Yes, any other key for No) : y
Success.

All done!
```


## 2

Настроить Multi-Primary репликацию для MySQL на 2 VM согласно инструкции

```
1st srv:

$ sudo mysql -u root -p

mysql> SELECT UUID();
+--------------------------------------+
| UUID()                               |
+--------------------------------------+
| ab3e027d-4ae8-11ee-9a73-ced0110bf7f0 |
+--------------------------------------+

$ cat /etc/mysql/my.cnf
!includedir /etc/mysql/conf.d/
!includedir /etc/mysql/mysql.conf.d/

[mysqld]
server_id=1
bind-address=0.0.0.0
gtid_mode=ON
enforce_gtid_consistency=ON
binlog_checksum=NONE

plugin_load_add='group_replication.so'
group_replication_single_primary_mode=OFF
loose-group_replication_group_name="ab3e027d-4ae8-11ee-9a73-ced0110bf7f0"
loose-group_replication_start_on_boot=OFF
loose-group_replication_local_address= "10.0.0.221:33061"
loose-group_replication_group_seeds="10.0.0.221:33061, 10.0.0.25:33061, 10.0.0.23:33061"
loose-group_replication_bootstrap_group=OFF
report_host=10.0.0.221

$ sudo service mysql restart

Create a Replication User

$ sudo mysql -u root -p

mysql> SET SQL_LOG_BIN=0;
Query OK, 0 rows affected (0.00 sec)

mysql> CREATE USER 'replication_user'@'%' IDENTIFIED WITH mysql_native_password BY '#PASSWORD#';
Query OK, 0 rows affected (0.01 sec)

mysql> GRANT REPLICATION SLAVE ON *.* TO 'replication_user'@'%';
Query OK, 0 rows affected (0.01 sec)

mysql> FLUSH PRIVILEGES;
Query OK, 0 rows affected (0.00 sec)

mysql> SET SQL_LOG_BIN=1;
Query OK, 0 rows affected (0.00 sec)

mysql> CHANGE MASTER TO MASTER_USER='replication_user', MASTER_PASSWORD='#PASSWORD#' FOR CHANNEL 'group_replication_recovery';
Query OK, 0 rows affected, 5 warnings (0.02 sec)

Bootstrap the Group Replication Plugin on the First Server

mysql> SET GLOBAL group_replication_bootstrap_group=ON;
Query OK, 0 rows affected (0.00 sec)

mysql> START GROUP_REPLICATION;
Query OK, 0 rows affected (2.28 sec)

mysql> SET GLOBAL group_replication_bootstrap_group=OFF;
Query OK, 0 rows affected (0.00 sec)

mysql> SELECT MEMBER_ID, MEMBER_HOST, MEMBER_STATE FROM performance_schema.replication_group_members;
+--------------------------------------+-------------+--------------+
| MEMBER_ID                            | MEMBER_HOST | MEMBER_STATE |
+--------------------------------------+-------------+--------------+
| 8ed1115b-4ae5-11ee-b4a3-ced0110bf7f0 | 10.0.0.221  | ONLINE       |
+--------------------------------------+-------------+--------------+
1 row in set (0.00 sec)

mysql> source /home/notme/hw15/schema.sql
Query OK, 0 rows affected (0.00 sec)

Query OK, 1 row affected (0.01 sec)

Database changed
Query OK, 0 rows affected (0.02 sec)
Query OK, 0 rows affected (0.02 sec)
Query OK, 0 rows affected (0.01 sec)
Query OK, 0 rows affected (0.02 sec)
Query OK, 0 rows affected (0.02 sec)
Query OK, 0 rows affected (0.01 sec)
Query OK, 0 rows affected (0.00 sec)

mysql> use clinic
Database changed
mysql> SHOW TABLES;
+------------------+
| Tables_in_clinic |
+------------------+
| Appointment      |
| Department       |
| Doctor           |
| Job              |
| Patient          |
| Room             |
+------------------+

mysql> source /home/notme/hw15/data.sql


для второго и третьего сервера сделано всё по инструкции
ниже вывод из консоли 3-го сервера:

mysql> SELECT MEMBER_ID, MEMBER_HOST, MEMBER_STATE FROM performance_schema.replication_group_members;
+--------------------------------------+-------------+--------------+
| MEMBER_ID                            | MEMBER_HOST | MEMBER_STATE |
+--------------------------------------+-------------+--------------+
| 51670ba6-4aea-11ee-8efe-ead67febc584 | 10.0.0.25   | ONLINE       |
| 66f91fd0-4aea-11ee-b925-12d9ba461861 | 10.0.0.23   | ONLINE       |
| 8ed1115b-4ae5-11ee-b4a3-ced0110bf7f0 | 10.0.0.221  | ONLINE       |
+--------------------------------------+-------------+--------------+
3 rows in set (0.01 sec)

mysql> SHOW databases;
+--------------------+
| Database           |
+--------------------+
| clinic             |
| information_schema |
| mysql              |
| performance_schema |
| sys                |
+--------------------+
5 rows in set (0.01 sec)
```


## 3

Создать схему БД clinic и наполнить её данными используя скрипты из https://github.com/tms-dos17-onl/_sandbox/tree/main/lecture18/mysql/initdb.d/data

```
сделал в п.2
```

## 4

Создать бэкап базы данных clinic

```
$ sudo mysqldump -u root -p clinic > clinic_dump.sql
```


## 5

Написать следующие SQL запросы:
- Вывести всех врачей, работающих в терапевтическом отделении.
- Вывести в каких отделениях побывал каждый пациент.
- Обновить дату приёма для пациента Ивана Иванова на 2022-02-09.
- Удалить врача Андрея Быкова и все его приёмы.
- Добавить нового врача Фила Ричардса и новую пациентку Василису Васильеву и записать её к Филу Ричардсу на приём на 2022-02-14

```
SELECT Doctor.FirstName, Doctor.LastName
FROM ((Doctor
INNER JOIN Job ON Doctor.id = Job.Doctor_id)
INNER JOIN Department ON Job.Department_id = Department.id)
WHERE Name = 'Терапевтический';
+----------------+--------------------+
| FirstName      | LastName           |
+----------------+--------------------+
| Андрей         | Быков              |
| Варвара        | Черноус            |
| Глеб           | Романенко          |
| Семён          | Лобанов            |
+----------------+--------------------+


SELECT DISTINCT Patient.FirstName, Patient.LastName, Department.Name
FROM (((Patient
INNER JOIN Appointment ON Patient.id = Appointment.Patient_id)
INNER JOIN Room ON Appointment.Room_id = Room.id)
INNER JOIN Department ON Room.Department_id = Department.id);
+------------+------------------+---------------------------------------------+
| FirstName  | LastName         | Name                                        |
+------------+------------------+---------------------------------------------+
| Сидор      | Сидоров          | Терапевтический                             |
| Анна       | Семёнова         | Терапевтический                             |
| Елена      | Попова           | Терапевтический                             |
| Иван       | Иванов           | Кожно-венерологический                      |
| Пётр       | Петров           | Кожно-венерологический                      |
+------------+------------------+---------------------------------------------+

UPDATE Appointment
SET Appointment.Date = '2022-02-09'
WHERE Appointment.Patient_id IN (
SELECT Patient.id
FROM Patient
WHERE Patient.FirstName = 'Иван' AND Patient.LastName = 'Иванов');

SELECT Appointment.Date
    -> FROM Appointment
    -> WHERE Appointment.Patient_id IN (
    -> SELECT Patient.id
    -> FROM Patient
    -> WHERE Patient.FirstName = 'Иван' AND Patient.LastName = 'Иванов');
+---------------------+
| Date                |
+---------------------+
| 2022-02-09 00:00:00 |
+---------------------+


mysql> SET FOREIGN_KEY_CHECKS=0;

mysql> DELETE Doctor, Appointment FROM Doctor, Appointment WHERE Doctor.id = Appointment.Doctor_id AND Doctor.FirstName = 'Андрей' AND Doctor.LastName = 'Быков';

mysql> select * from Appointment;
+----+---------------------+------------+-----------+---------+
| id | Date                | Patient_id | Doctor_id | Room_id |
+----+---------------------+------------+-----------+---------+
|  2 | 2022-01-09 00:00:00 |          3 |         2 |       1 |
|  3 | 2022-02-09 00:00:00 |          1 |         3 |       4 |
|  4 | 2022-02-01 00:00:00 |          2 |         4 |       3 |
|  5 | 2022-02-03 00:00:00 |          4 |         5 |       2 |
+----+---------------------+------------+-----------+---------+
mysql> select * from Doctor;
+----+----------------+--------------------+---------------+-----------------------------+------------+
| id | FirstName      | LastName           | Telephone     | Email                       | BirthDate  |
+----+----------------+--------------------+---------------+-----------------------------+------------+
|  2 | Иван           | Купитман           | +37529XXXXXXX | ivan.kupitman@clinic.com    | 1963-03-13 |
|  3 | Дмитрий        | Левин              | +37529XXXXXXX | dmitry.levin@clinic.com     | 1986-01-15 |
|  4 | Варвара        | Черноус            | +37529XXXXXXX | varvara.chernous@clinic.com | 1988-04-14 |
|  5 | Глеб           | Романенко          | +37529XXXXXXX | gleb.romanenko@clinic.com   | 1984-09-19 |
|  6 | Семён          | Лобанов            | +37529XXXXXXX | semen.lobanoff@clinic.com   | 1983-11-22 |
+----+----------------+--------------------+---------------+-----------------------------+------------+


INSERT INTO Doctor 
VALUES (7, 'Фил', 'Ричардс', '+37529XXXXXXX', 'phill.richards@clinic.com', '1991-05-05');

INSERT INTO Patient
VALUES (6, 'Василиса', 'Васильева', '1995-05-05', 'Тилимилитрямдия', '+37517XXXXXXX', 'vasilisa.vasileva@example.com');
		
INSERT INTO Appointment 
VALUES (6, '2022-03-14', 6, 7, 5);
```


## 6

Восстановить базу данных clinic из бэкапа и проверить, что данные соответствуют состоянию базы данных до внесенных в предыдущем задании изменений

```
$ cat clinic_dump.sql | grep  @@GLOBAL.GTID_PURGED
-- SET @@GLOBAL.GTID_PURGED=/*!80000 '+'*/ 'ab3e027d-4ae8-11ee-9a73-ced0110bf7f0:1-48';

$ sudo mysql -u root -p clinic < clinic_dump.sql
```


## 7

Установить MongoDB

```
$ curl -fsSL https://www.mongodb.org/static/pgp/server-4.4.asc | sudo apt-key add -

$ echo "deb [ arch=amd64,arm64 ] https://repo.mongodb.org/apt/ubuntu focal/mongodb-org/4.4 multiverse" | sudo tee /etc/apt/sources.list.d/mongodb-org-4.4.list

$ sudo apt update

$ sudo apt install mongodb-org

$ sudo systemctl start mongod.service

```


## 8

Создать БД clinic и наполнить её данными используя скрипты из https://github.com/tms-dos17-onl/_sandbox/tree/main/lecture18/mongo/initdb.d

```
> use clinic

> load("/home/notme/hw15/data.js");
```


## 9

Написать выборочно 3 запроса из задания 4 для MongoDB используя mongosh команды

```

```